id,deal_no,quantity,sales_price,deposit_pct,deposit_date,uplift_start,uplift_days,travel_days,terms_days,balance_pct,total_sales
1,KMC25004,1714.765,8440.43,0.2,2024-12-17,2024-12-23,6,8,30,0.8,14473362.41
2,KIT25005,1682.337,5884.39,0.15,2024-12-12,2024-12-23,20,4,0,0.85,9899536.71
3,BUL25007,3928.83,5307.61,0.15,2024-12-04,2024-12-12,10,11,0,0.85,20852706.9
4,DRX25011,4574.39,7947.27,0.3,2025-01-14,2025-01-25,9,14,30,0.7,36353892.3
5,KMC25012,772.757,6961.6,0.15,2025-01-03,2025-01-14,19,5,30,0.85,5379626.84
6,ZAM25014,3634.662,6978.79,0.3,2025-01-23,2025-01-29,14,6,0,0.7,25365540.75
7,BEI25015,4823.505,2100.84,0.15,2025-01-31,2025-02-04,12,12,0,0.85,10133393.03
8,BUL25016,4680.582,8518.01,0.1,2025-01-13,2025-01-24,11,11,14,0.9,39869235.17
9,BEI25021,4545.417,7470.92,0.15,2024-12-13,2024-12-26,8,8,30,0.85,33958432.19
10,KIT25023,3470.149,4488.49,0.2,2025-01-28,2025-02-10,21,9,14,0.8,15575747.32
11,AFR25024,4929.061,2367.34,0.1,2025-01-23,2025-01-26,21,11,7,0.9,11668780.69
12,KMC25025,2994.856,2938.8,0.15,2025-01-01,2025-01-10,5,7,14,0.85,8801285.34
13,KIT25026,1777.039,6478.9,0.15,2025-02-01,2025-02-07,11,5,0,0.85,11513263.53
14,KIT25027,1597.93,6420.44,0.1,2025-01-21,2025-01-27,10,14,30,0.9,10259405.69
15,KIT25029,2680.687,3294.34,0.15,2025-01-23,2025-01-31,15,11,0,0.85,8831103.68
16,DRX25030,4248.01,4421.08,0.1,2025-01-06,2025-01-16,5,8,14,0.9,18780776.62
17,DRX25031,3758.816,7803.79,0.1,2024-12-09,2024-12-21,5,4,30,0.9,29333021.56
18,LUB25032,1635.222,2114.3,0.2,2025-01-22,2025-02-04,7,13,0,0.8,3457344.33
19,KMC25035,4083.022,5744.49,0.2,2025-01-21,2025-02-01,15,3,30,0.8,23454898.78
20,DRX25037,2013.785,5207.3,0.2,2025-01-04,2025-01-12,13,12,14,0.8,10486379.07
21,DRX25039,4984.842,5627.91,0.2,2025-01-10,2025-01-16,8,14,7,0.8,28054257.5
22,KIT25044,4764.156,3058.41,0.15,2025-01-13,2025-01-18,7,5,0,0.85,14570738.69
23,DRX25046,768.371,7444.71,0.2,2024-12-18,2024-12-22,19,14,14,0.8,5720303.85
24,KIT25047,1626.656,2184.95,0.1,2025-01-02,2025-01-14,6,5,30,0.9,3554163.75
25,LUB25048,4359.799,3973.53,0.3,2024-12-28,2025-01-07,7,8,14,0.7,17323780.82
26,KIT25049,1416.012,5619.15,0.3,2025-01-11,2025-01-14,12,14,7,0.7,7956780.4
27,KMC25050,2369.707,5118.75,0.15,2025-01-22,2025-01-28,21,14,7,0.85,12129927.85
28,LUB25053,1993.976,2252.73,0.3,2024-12-04,2024-12-18,9,9,7,0.7,4491898.94
29,AFR25060,3853.275,7746.29,0.15,2025-01-12,2025-01-18,11,12,14,0.85,29848589.96
30,AFR25064,4479.057,5710.56,0.1,2024-12-23,2025-01-06,14,13,30,0.9,25577901.87
31,KMC25065,3143.032,6949.49,0.3,2025-01-06,2025-01-13,6,14,14,0.7,21842477.77
32,BUL25066,912.53,3090.79,0.1,2024-12-24,2024-12-30,9,12,7,0.9,2820443.16
33,DRX25067,1627.944,2808.73,0.1,2025-01-30,2025-02-05,15,3,7,0.9,4572452.24
34,KMC25068,4754.37,1825.24,0.2,2024-12-15,2024-12-28,5,3,30,0.8,8677856.45
35,AFR25070,3743.78,3112.67,0.2,2025-01-28,2025-02-06,18,14,0,0.8,11653161.75
36,KIT25071,3003.668,5898.49,0.1,2024-12-14,2024-12-22,18,14,0,0.9,17717101.85
37,DRX25072,1016.984,3589.26,0.1,2024-12-12,2024-12-15,10,7,14,0.9,3650221.29
38,LUB25073,2541.406,2680.57,0.1,2025-01-04,2025-01-09,10,12,0,0.9,6812415.74
39,KIT25074,2434.611,3624.35,0.2,2025-01-19,2025-01-25,17,12,0,0.8,8823880.06
40,AFR25075,2896.621,3225.83,0.2,2024-12-30,2025-01-08,6,9,0,0.8,9344006.59
41,LUB25076,4105.95,6135.94,0.1,2025-01-02,2025-01-06,12,9,30,0.9,25193858.81
42,DRX25077,4576.652,4120.31,0.15,2024-12-12,2024-12-16,9,7,7,0.85,18857246.76
43,DRX25081,4920.735,2132.47,0.3,2024-12-12,2024-12-23,21,12,7,0.7,10493312.58
44,BEI25086,4241.053,7283.23,0.3,2024-12-26,2025-01-04,16,13,7,0.7,30888577.94
45,KMC25089,912.711,8328.79,0.1,2025-02-03,2025-02-06,17,11,14,0.9,7601776.18
46,AFR25092,782.632,7775.16,0.15,2024-12-30,2025-01-06,18,3,14,0.85,6085088.78
47,BUL25093,4429.991,1826.51,0.1,2025-01-08,2025-01-12,16,6,0,0.9,8091415.7
48,KIT25095,2819.226,8918.42,0.15,2024-12-18,2024-12-26,6,13,14,0.85,25143043.65
49,KIT25096,4105.166,6953.11,0.15,2025-01-06,2025-01-14,8,4,14,0.85,28543673.22
50,ZAM25097,1735.499,8850.2,0.3,2025-01-22,2025-02-02,10,3,7,0.7,15359522.29
51,KMC25098,1190.472,4874.42,0.1,2025-02-02,2025-02-13,16,9,14,0.9,5802858.36
52,KIT25099,4983.643,3641.83,0.1,2025-01-22,2025-01-26,19,5,30,0.9,18149563.57
53,ZAM25101,1083.971,8131.85,0.3,2025-01-13,2025-01-22,7,5,14,0.7,8814684.0
54,ZAM25102,4241.259,5385.77,0.15,2024-12-15,2024-12-26,14,4,14,0.85,22842426.51
55,AFR25103,1270.403,6183.59,0.1,2024-12-12,2024-12-16,6,13,14,0.9,7855655.04
56,BEI25104,1838.452,2047.3,0.3,2024-12-28,2025-01-03,15,12,7,0.7,3763859.4
57,KIT25107,4850.09,3113.58,0.3,2025-02-07,2025-02-14,5,4,30,0.7,15101158.09
58,KMC25109,1395.76,5318.42,0.15,2024-12-28,2025-01-07,21,10,7,0.85,7423238.81
59,LUB25113,585.218,3852.69,0.3,2025-02-07,2025-02-21,6,14,7,0.7,2254666.25
60,KMC25116,689.299,8664.85,0.2,2025-01-03,2025-01-09,11,11,14,0.8,5972676.08
61,DRX25117,1986.321,5043.03,0.15,2024-12-22,2025-01-04,20,10,7,0.85,10017076.55
62,ZAM25120,3417.284,6889.49,0.2,2024-12-12,2024-12-17,17,9,14,0.8,23543331.47
63,KIT25121,1858.756,6921.62,0.15,2024-12-17,2024-12-30,8,10,14,0.85,12865602.71
64,AFR25122,3864.807,6043.04,0.3,2024-12-13,2024-12-19,7,11,30,0.7,23355190.04
65,AFR25125,828.633,4677.73,0.1,2024-12-03,2024-12-13,6,7,30,0.9,3876121.14
66,ZAM25128,1582.998,2004.68,0.1,2025-01-16,2025-01-30,6,9,30,0.9,3173407.88
67,AFR25129,1857.94,2574.45,0.2,2025-01-13,2025-01-16,10,13,30,0.8,4783179.58
68,LUB25130,2630.835,7870.06,0.3,2024-12-21,2025-01-01,18,9,7,0.7,20704818.96
69,DRX25132,4829.349,2379.87,0.15,2025-02-01,2025-02-10,12,11,14,0.85,11493230.03
70,BUL25133,2168.172,4604.48,0.15,2025-01-17,2025-01-24,18,7,7,0.85,9983297.22
71,KIT25134,1257.051,7462.32,0.3,2025-01-25,2025-02-05,6,11,0,0.7,9380515.28
72,KIT25136,2882.379,3560.56,0.3,2025-01-08,2025-01-12,8,11,7,0.7,10262871.95
73,LUB25137,3578.187,7859.0,0.1,2024-12-18,2024-12-27,17,9,30,0.9,28120985.79
74,ZAM25140,3546.657,5554.22,0.1,2025-01-12,2025-01-15,8,9,7,0.9,19698908.9
75,AFR25141,3558.627,6455.04,0.15,2025-02-01,2025-02-05,13,5,30,0.85,22971076.27
76,BUL25142,960.041,2154.73,0.3,2024-12-22,2024-12-25,7,8,0,0.7,2068629.2
77,AFR25144,4022.0,4208.44,0.3,2024-12-22,2025-01-01,8,5,14,0.7,16926332.17
78,BUL25146,4018.885,3944.15,0.2,2025-01-16,2025-01-28,11,12,7,0.8,15851071.01
79,LUB25150,3010.97,6657.48,0.3,2024-12-20,2024-12-28,5,10,0,0.7,20045484.27
80,ZAM25151,2642.731,4786.24,0.2,2024-12-15,2024-12-29,8,3,14,0.8,12648758.68
81,DRX25153,3885.465,7565.47,0.15,2025-01-21,2025-01-29,11,10,0,0.85,29395380.11
82,BUL25154,3278.132,7603.04,0.1,2024-12-11,2024-12-19,8,6,14,0.9,24923759.02
83,LUB25155,2997.107,5172.32,0.3,2024-12-13,2024-12-21,5,10,7,0.7,15501979.97
84,KIT25156,1814.405,3561.4,0.3,2024-12-14,2024-12-25,21,4,0,0.7,6461814.87
85,KIT25157,4436.644,1741.73,0.1,2025-01-31,2025-02-04,12,6,14,0.9,7727427.47
86,AFR25159,4401.714,2451.66,0.2,2025-01-22,2025-02-04,17,10,7,0.8,10791512.1
87,KMC25160,4776.143,3954.67,0.1,2024-12-26,2025-01-08,16,4,30,0.9,18888068.94
88,KIT25162,4469.665,3763.99,0.1,2024-12-07,2024-12-14,7,8,7,0.9,16823779.86
89,LUB25163,1517.859,6599.87,0.1,2025-01-07,2025-01-21,9,10,0,0.9,10017671.93
90,BEI25167,3407.764,7378.51,0.3,2025-01-04,2025-01-10,20,13,0,0.7,25144227.45
91,ZAM25168,575.102,2006.49,0.1,2025-01-20,2025-01-31,14,13,30,0.9,1153939.49
92,ZAM25169,1970.376,5898.28,0.1,2025-02-02,2025-02-16,18,14,7,0.9,11621828.8
93,BEI25170,2733.858,4100.29,0.2,2025-01-18,2025-01-26,9,14,14,0.8,11209607.21
94,DRX25173,4114.02,6855.16,0.15,2024-12-17,2024-12-31,15,7,0,0.85,28202246.81
95,AFR25175,3922.17,3338.45,0.15,2025-01-13,2025-01-26,5,8,0,0.85,13093974.52
96,KMC25179,2112.294,7277.53,0.1,2024-12-23,2024-12-28,14,14,0,0.9,15372270.1
97,DRX25180,4784.435,7909.51,0.1,2024-12-28,2025-01-01,9,4,0,0.9,37842533.32
98,ZAM25183,3286.294,3343.39,0.3,2024-12-30,2025-01-03,13,9,7,0.7,10987350.41
99,BEI25184,2760.77,4412.86,0.15,2025-01-21,2025-01-28,6,10,14,0.85,12182888.74
100,ZAM25186,626.93,6754.21,0.15,2025-01-25,2025-02-05,14,5,30,0.85,4234411.44
101,BEI25187,3726.219,8390.86,0.1,2025-01-12,2025-01-24,9,4,14,0.9,31266169.61
102,KMC25191,551.28,3072.63,0.1,2025-01-27,2025-01-30,17,10,30,0.9,1693881.54
103,AFR25193,4738.254,8835.31,0.3,2024-12-26,2025-01-04,10,12,30,0.7,41863946.56
104,LUB25194,723.359,5788.27,0.2,2024-12-20,2024-12-29,7,7,30,0.8,4187002.63
105,BUL25196,3039.11,2633.48,0.2,2025-01-06,2025-01-18,12,11,0,0.8,8003434.65
106,KIT25197,3070.49,5376.13,0.15,2024-12-28,2025-01-07,10,5,7,0.85,16507353.3
107,KIT25201,2281.067,8092.18,0.3,2025-01-14,2025-01-22,5,8,14,0.7,18458812.68
108,AFR25209,4209.399,4478.64,0.2,2024-12-19,2024-12-26,8,10,0,0.8,18852398.43
109,KIT25211,4172.066,4073.75,0.3,2025-01-23,2025-02-03,14,5,7,0.7,16995966.48
110,ZAM25212,4046.407,3984.88,0.1,2024-12-23,2024-12-26,7,10,7,0.9,16124440.23
111,BEI25216,3620.861,4082.62,0.2,2024-12-04,2024-12-08,6,7,14,0.8,14782612.98
112,ZAM25218,718.641,8960.1,0.1,2025-01-11,2025-01-25,8,9,30,0.9,6439099.41
113,DRX25219,3302.59,6755.45,0.1,2025-01-17,2025-01-21,8,10,7,0.9,22310473.65
114,BUL25220,1987.716,1520.53,0.3,2025-01-08,2025-01-12,21,4,0,0.7,3022392.15
115,BEI25222,4453.14,2197.13,0.3,2025-02-03,2025-02-13,13,9,30,0.7,9784148.98
116,DRX25225,3477.71,3364.33,0.3,2025-01-17,2025-01-28,6,3,7,0.7,11700154.19
117,KIT25227,2315.478,1768.74,0.2,2025-01-05,2025-01-18,19,8,14,0.8,4095478.21
118,LUB25233,1121.81,6018.93,0.2,2024-12-26,2025-01-01,11,12,14,0.8,6752099.8
119,AFR25235,1399.561,7126.39,0.2,2024-12-28,2024-12-31,14,6,0,0.8,9973813.34
120,DRX25236,4669.182,4406.66,0.2,2025-01-03,2025-01-06,13,6,30,0.8,20575495.38
121,DRX25237,3807.858,2395.15,0.2,2025-01-16,2025-01-21,13,3,14,0.8,9120403.99
122,ZAM25239,2072.313,8125.48,0.2,2025-01-08,2025-01-20,21,10,0,0.8,16838530.86
123,DRX25240,2931.068,3621.22,0.2,2025-01-28,2025-02-07,6,7,7,0.8,10614034.28
124,LUB25242,829.616,2834.94,0.15,2025-01-20,2025-01-29,17,10,30,0.85,2351912.97
125,BEI25243,2109.651,5271.28,0.1,2025-01-22,2025-02-01,17,9,0,0.9,11120553.09
126,BEI25245,3867.335,8276.6,0.15,2025-01-08,2025-01-13,12,12,14,0.85,32008373.45
127,KMC25246,4781.93,4178.54,0.2,2024-12-15,2024-12-21,15,10,30,0.8,19981472.99
128,BUL25247,4280.495,2507.29,0.3,2024-12-24,2025-01-01,14,10,0,0.7,10732458.99
129,AFR25250,3482.053,7859.86,0.15,2024-12-29,2025-01-08,10,5,7,0.85,27368463.92
